Experiment,Method,Kaggle_Score,NO2_MAE,CO_MAE,O3_MAE,PM10_MAE,PM25_MAE
exp04_lgb_temporal_only,lgb_temporal,5.804339447257215,6.069268074514557,0.03379453478485417,14.143832074273888,5.61221835064586,3.1625842020669115
exp03_xgb_temporal_only,xgb_temporal,6.388145623991173,6.6754616979288475,0.03362090033720291,15.2503620061208,6.351348605222409,3.6299349103466003
exp05_damped_iterative,damped_iterative,6.973772438490587,10.015083221626526,0.07926927571962421,14.778432543503163,5.700062385374039,4.296014766229583
exp02_seasonal_mean,seasonal_mean,7.171414616585783,10.48393200725558,0.08429134591485864,15.455789247361635,5.717806053532069,4.115254428864768
exp01_last_value,last_value,8.394456922633179,6.828690421101341,0.03440490513651088,25.11015733456733,6.174066658515263,3.824965293845442
